,ElemSymbol,AtNum,Charge,Wavelength
0,Xe,54,2,103.77
1,Xe,54,2,104.13
2,Ar,18,1,104.82
3,Xe,54,2,104.83
4,Xe,54,2,105.19
5,Cl,17,2,106.38
6,Ar,18,1,106.67
7,Cl,17,2,106.79
8,Cl,17,2,107.1
9,Cl,17,2,107.18
10,Xe,54,2,107.45
11,Cl,17,2,107.52
12,Cl,17,2,107.91
13,Xe,54,2,110.04
14,Kr,36,1,116.49
15,Xe,54,2,118.31
16,N,7,1,119.96
17,N,7,1,120.02
18,N,7,1,120.07
19,H,1,1,121.57
20,Kr,36,1,123.58
21,N,7,1,124.32
22,S,16,2,125.06
23,S,16,2,125.38
24,S,16,2,125.95
25,C,6,1,127.72
26,C,6,1,127.73
27,C,6,1,127.76
28,C,6,1,128.03
29,O,8,1,130.22
30,O,8,1,130.49
31,O,8,1,130.6
32,Cl,17,1,134.72
33,Cl,17,1,135.17
34,B,5,2,136.25
35,Cl,17,1,136.34
36,Cl,17,1,137.95
37,Cl,17,1,138.97
38,Cl,17,1,139.0
39,Cl,17,1,139.65
40,S,16,1,142.5
41,S,16,1,143.33
42,S,16,1,147.4
43,S,16,1,148.3
44,N,7,1,149.26
45,C,6,1,156.07
46,C,6,1,156.14
47,B,5,2,162.36
48,B,5,2,162.38
49,B,5,2,162.4
50,B,5,2,162.44
51,C,6,1,165.63
52,C,6,1,165.69
53,C,6,1,165.7
54,C,6,1,165.74
55,C,6,1,165.79
56,C,6,1,165.81
57,S,16,1,166.67
58,Al,13,2,167.08
59,P,15,1,167.11
60,Se,34,1,167.12
61,Pb,82,2,167.15
62,P,15,1,167.25
63,P,15,1,167.46
64,Sc,21,2,167.52
65,P,15,1,167.97
66,Pb,82,2,168.22
67,P,15,1,168.6
68,Re,75,1,168.69
69,S,16,1,168.75
70,Se,34,1,169.07
71,P,15,1,169.4
72,Ba,56,2,169.44
73,Si,14,1,169.79
74,Au,79,1,169.93
75,Sn,50,2,169.94
76,Te,52,1,169.99
77,Re,75,1,171.29
78,Fe,26,2,171.9
79,Al,13,2,171.94
80,Al,13,2,172.13
81,Al,13,2,172.5
82,Pb,82,2,172.68
83,Mg,12,2,173.48
84,Sb,51,1,173.62
85,Mg,12,2,173.76
86,Au,79,2,174.05
87,N,7,1,174.27
88,Mg,12,1,174.78
89,Te,52,1,175.1
90,C,6,1,175.18
91,Mg,12,2,175.35
92,Sn,50,2,175.79
93,As,33,1,175.86
94,Te,52,1,175.92
95,Al,13,2,176.2
96,Sb,51,3,176.23
97,Al,13,1,176.29
98,C,6,1,176.39
99,Al,13,2,176.4
100,C,6,1,176.54
101,Al,13,1,176.56
102,Al,13,1,176.64
103,Bi,83,1,176.77
104,Al,13,2,176.77
105,Al,13,1,176.91
106,Sr,38,2,176.96
107,In,49,2,177.06
108,In,49,2,177.48
109,P,15,1,177.5
110,Be,4,2,177.61
111,Be,4,2,177.63
112,Bi,83,2,177.7
113,Pt,78,2,177.71
114,Sr,38,2,177.84
115,Sb,51,1,178.09
116,Pt,78,2,178.19
117,S,16,1,178.23
118,I,53,1,178.28
119,P,15,1,178.28
120,Au,79,2,178.32
121,Bi,83,2,178.74
122,P,15,1,178.77
123,Bi,83,2,179.18
124,Au,79,2,179.33
125,Se,34,1,179.53
126,Te,52,1,179.63
127,Pb,82,2,179.67
128,I,53,1,179.91
129,Ga,31,2,179.93
130,Sb,51,1,180.02
131,Au,79,2,180.06
132,As,33,1,180.62
133,S,16,1,180.73
134,Ca,20,2,180.73
135,Sb,51,1,181.05
136,Sn,50,2,181.12
137,Ga,31,2,181.39
138,Sb,51,1,181.42
139,Ca,20,2,181.45
140,Si,14,2,181.69
141,B,5,1,181.78
142,B,5,1,181.83
143,S,16,1,182.03
144,Pb,82,2,182.2
145,Te,52,1,182.24
146,Bi,83,2,182.37
147,B,5,1,182.59
148,S,16,1,182.62
149,B,5,1,182.64
150,Mg,12,1,182.79
151,I,53,1,183.04
152,Sn,50,2,183.18
153,Ir,77,1,183.25
154,P,15,1,183.48
155,Ca,20,2,183.8
156,Ca,20,2,184.01
157,Si,14,1,184.14
158,B,5,2,184.28
159,Ca,20,2,184.31
160,Ru,44,1,184.41
161,I,53,1,184.44
162,Ga,31,2,184.52
163,Si,14,1,184.55
164,P,15,1,184.72
165,Si,14,1,184.75
166,Si,14,1,184.81
167,Hg,80,1,184.95
168,Te,52,1,185.05
169,Si,14,1,185.07
170,Ca,20,2,185.07
171,P,15,1,185.12
172,Te,52,1,185.2
173,P,15,1,185.21
174,Si,14,1,185.25
175,Bi,83,1,185.26
176,Te,52,1,185.37
177,Se,34,1,185.52
178,Al,13,2,185.59
179,Au,79,1,185.72
180,Te,52,1,185.73
181,Al,13,2,185.8
182,Re,75,1,185.87
183,Se,34,1,185.88
184,P,15,1,185.89
185,P,15,1,185.94
186,As,33,2,186.03
187,Te,52,1,186.05
188,Al,13,2,186.23
189,Ir,77,1,186.25
190,Sb,51,1,187.12
191,Ru,44,2,187.56
192,Au,79,1,187.98
193,Sb,51,1,188.26
194,Ru,44,2,188.8
195,As,33,1,189.04
196,Os,76,1,189.44
197,Re,75,1,189.84
198,Se,34,1,189.86
199,Os,76,1,189.86
200,Sn,50,2,189.99
201,S,16,1,190.03
202,Si,14,1,190.13
203,Bi,83,2,190.23
204,Ru,44,2,190.32
205,Ge,32,1,190.47
206,Pb,82,1,190.48
207,Re,75,1,190.57
208,Ti,22,2,190.62
209,P,15,1,190.77
210,Ti,22,2,190.82
211,Tl,81,2,190.86
212,Pt,78,2,191.17
213,As,33,2,191.29
214,Ir,77,1,191.32
215,Se,34,1,191.38
216,S,16,5,191.41
217,Ne,10,2,191.61
218,Ru,44,2,191.68
219,Ge,32,1,191.76
220,Se,34,1,191.92
221,Au,79,1,191.96
222,Ir,77,1,192.16
223,Ba,56,2,192.47
224,Os,76,1,192.5
225,Sb,51,1,192.71
226,Ru,44,1,192.76
227,Ge,32,1,192.98
228,Ne,10,2,193.0
229,C,6,1,193.09
230,Pd,46,1,193.23
231,Pt,78,1,193.42
232,In,49,2,193.62
233,As,33,1,193.76
234,Hg,80,2,194.23
235,Ge,32,1,194.47
236,Ir,77,1,194.81
237,Sb,51,1,195.04
238,W,74,2,195.11
239,Au,79,1,195.19
240,Bi,83,1,195.47
241,Os,76,1,195.5
242,Ge,32,1,195.51
243,Bi,83,1,196.0
244,Se,34,1,196.09
245,Ge,32,1,196.2
246,Sr,38,2,196.44
247,Be,4,1,196.46
248,In,49,2,196.67
249,Ge,32,1,197.09
250,Pb,82,1,197.24
251,As,33,1,197.26
252,Re,75,1,197.31
253,In,49,1,197.74
254,Au,79,1,197.82
255,Si,14,1,197.92
256,Pt,78,1,197.98
257,Si,14,1,198.06
258,Os,76,1,198.22
259,Si,14,1,198.32
260,Os,76,1,198.56
261,Si,14,1,198.64
262,Ir,77,1,198.8
263,Ge,32,1,198.83
264,Si,14,1,198.9
265,As,33,1,199.04
266,As,33,1,199.11
267,Au,79,1,199.19
268,Co,27,3,199.36
269,Te,52,1,199.48
270,Sr,38,2,199.5
271,Se,34,1,199.51
272,As,33,1,199.54
273,Be,4,1,199.8
274,Ge,32,1,199.89
275,Cu,29,1,199.95
276,Au,79,2,200.08
277,Te,52,1,200.2
278,As,33,1,200.33
279,As,33,1,200.92
280,Au,79,1,201.2
281,As,33,1,201.33
282,Ge,32,1,201.91
283,Bi,83,3,202.12
284,Au,79,1,202.14
285,P,15,1,202.35
286,Re,75,1,202.37
287,P,15,1,202.45
288,Zn,30,2,202.55
289,Mg,12,1,202.58
290,Pt,78,1,203.06
291,P,15,1,203.24
292,Be,4,1,203.26
293,P,15,1,203.35
294,Ir,77,1,203.36
295,Pt,78,2,203.65
296,Sb,51,1,203.98
297,Se,34,1,203.98
298,Ge,32,1,204.17
299,Ge,32,1,204.38
300,Ir,77,1,204.42
301,Au,79,2,204.45
302,Os,76,1,204.54
303,Os,76,1,204.88
304,Re,75,1,204.91
305,Pt,78,1,204.94
306,Sb,51,1,204.96
307,Ir,77,1,205.12
308,Ge,32,1,205.45
309,Be,4,1,205.6
310,Ge,32,1,205.72
311,I,53,1,206.16
312,Bi,83,1,206.16
313,Zn,30,2,206.2
314,Se,34,1,206.28
315,Ge,32,1,206.52
316,Os,76,2,206.72
317,Sb,51,1,206.83
318,Ge,32,1,206.87
319,Os,76,2,207.07
320,Te,52,1,207.11
321,Se,34,1,207.48
322,In,49,2,207.86
323,Te,52,1,208.12
324,Au,79,2,208.21
325,Re,75,1,208.37
326,Ir,77,1,208.88
327,B,5,1,208.89
328,B,5,1,208.96
329,Sn,50,1,209.16
330,Re,75,2,209.24
331,Ir,77,1,209.26
332,Ge,32,1,209.43
333,Sb,51,1,209.84
334,Pt,78,1,210.33
335,Ge,32,1,210.58
336,Ru,44,1,210.73
337,Bi,83,1,211.02
338,Au,79,2,211.07
339,As,33,1,211.3
340,Sn,50,1,211.39
341,Yb,70,2,211.67
342,Sr,38,3,211.85
343,Be,4,1,212.57
344,Au,79,1,212.66
345,Ir,77,2,212.68
346,Sb,51,1,212.74
347,Pt,78,1,212.86
348,Bi,83,1,213.36
349,Bi,83,1,213.43
350,P,15,1,213.55
351,P,15,1,213.62
352,Zn,30,1,213.86
353,Sb,51,1,213.97
354,Sb,51,2,214.18
355,Te,52,1,214.28
356,As,33,1,214.41
357,Pt,78,1,214.42
358,Cd,48,2,214.44
359,Sb,51,1,214.49
360,Ta,73,2,214.69
361,Te,52,1,214.72
362,Hg,80,2,214.8
363,P,15,1,214.91
364,Sn,50,2,215.08
365,Sn,50,1,215.14
366,Ir,77,2,215.27
367,P,15,1,215.29
368,P,15,1,215.41
369,Ir,77,1,215.8
370,Te,52,1,215.99
371,At,85,1,216.22
372,Se,34,1,216.42
373,Os,76,1,216.48
374,As,33,1,216.55
375,Re,75,1,216.79
376,Pt,78,1,217.47
377,Be,4,1,217.51
378,Sb,51,1,217.58
379,Re,75,1,217.62
380,Cu,29,1,217.89
381,Sb,51,1,217.92
382,Ta,73,2,218.27
383,Yb,70,2,218.57
384,Os,76,2,219.44
385,Sn,50,1,219.45
386,Cd,48,2,219.46
387,Lu,71,2,219.55
388,Ta,73,2,219.6
389,Ge,32,1,219.87
390,Sn,50,1,219.93
391,Au,79,2,220.13
392,Sb,51,1,220.13
393,Ir,77,2,220.5
394,Os,76,1,220.63
395,Te,52,1,220.88
396,Sn,50,1,220.97
397,Pd,46,2,221.21
398,Re,75,2,221.43
399,Ir,77,2,222.11
400,Yb,70,2,222.45
401,Re,75,1,222.64
402,Cu,29,1,222.78
403,Ta,73,1,222.78
404,Os,76,1,222.8
405,Bi,83,1,222.82
406,Bi,83,1,223.06
407,Pd,46,2,223.16
408,Tl,81,1,223.78
409,Ta,73,2,223.95
410,Cd,48,1,223.99
411,Ir,77,2,224.27
412,Y,39,2,224.3
413,At,85,1,224.4
414,Pt,78,2,224.55
415,Ir,77,2,224.58
416,Sn,50,1,224.61
417,Ag,47,2,224.64
418,Pb,82,1,224.69
419,Ag,47,2,224.87
420,Ta,73,2,225.08
421,Te,52,1,225.55
422,Os,76,2,225.58
423,Te,52,1,225.9
424,Ta,73,2,226.14
425,Os,76,1,226.17
426,Ta,73,2,226.23
427,Cd,48,2,226.5
428,Te,52,1,226.55
429,Cd,48,1,226.75
430,Sn,50,1,226.89
431,Ni,28,2,227.02
432,W,74,2,227.02
433,Ta,73,2,227.26
434,Sc,21,2,227.31
435,Re,75,1,227.46
436,Re,75,2,227.52
437,Bi,83,1,227.66
438,Hf,72,2,227.72
439,Ni,28,2,227.88
440,Re,75,1,228.16
441,Os,76,2,228.23
442,Sn,50,1,228.67
443,Re,75,1,228.75
444,Cd,48,1,228.8
445,As,33,1,228.81
446,Pt,78,2,228.82
447,Ta,73,2,228.92
448,Rh,45,1,229.0
449,Cu,29,1,229.38
450,Ga,31,1,229.42
451,Re,75,1,229.45
452,Pd,46,2,229.65
453,Ta,73,2,230.29
454,Ni,28,2,230.3
455,W,74,2,230.38
456,Ir,77,1,230.42
457,Ba,56,2,230.42
458,In,49,2,230.61
459,Cd,48,1,230.66
460,Sb,51,1,231.15
461,Cd,48,2,231.28
462,Os,76,2,231.38
463,Tl,81,1,231.6
464,Ni,28,2,231.6
465,Ag,47,2,231.7
466,Sn,50,1,231.72
467,Ag,47,2,232.02
468,Yb,70,2,232.08
469,Cd,48,2,232.11
470,Hf,72,2,232.25
471,Ag,47,2,232.47
472,Ni,28,1,232.58
473,W,74,2,232.61
474,Ta,73,2,233.2
475,Rh,45,2,233.48
476,Sn,50,1,233.48
477,Ru,44,2,233.5
478,Ba,56,2,233.53
479,Pd,46,1,233.64
480,Os,76,2,233.68
481,Ga,31,1,233.82
482,As,33,1,234.4
483,Ba,56,2,234.76
484,Be,4,1,234.86
485,As,33,1,234.98
486,Be,4,1,235.07
487,Pd,46,2,235.13
488,Au,79,1,235.26
489,Sn,50,1,235.48
490,Os,76,2,236.74
491,Pd,46,2,236.8
492,Ir,77,2,236.8
493,Ga,31,1,237.13
494,Tl,81,1,237.97
495,As,33,1,238.12
496,Fe,26,2,238.2
497,Te,52,1,238.33
498,Te,52,1,238.58
499,Ta,73,2,238.71
500,Lu,71,2,239.22
501,Pb,82,1,239.38
502,Fe,26,2,239.56
503,Fe,26,2,239.92
504,Ta,73,2,240.06
505,Bi,83,1,240.09
506,Pb,82,1,240.19
507,Ru,44,2,240.27
508,Fe,26,2,240.49
509,Fe,26,2,240.67
510,Fe,26,2,241.05
511,Ag,47,2,241.32
512,Co,27,2,241.41
513,Rh,45,2,241.58
514,Co,27,2,241.62
515,Ge,32,1,241.74
516,Co,27,2,241.77
517,Ga,31,1,241.87
518,Rh,45,2,242.1
519,Sn,50,1,242.17
520,Y,39,2,242.22
521,Li,3,1,242.54
522,Rh,45,2,242.71
523,Au,79,1,242.8
524,Sn,50,1,242.95
525,Si,14,1,243.52
526,Ag,47,2,243.78
527,Pt,78,1,244.01
528,Pb,82,1,244.38
529,Pb,82,1,244.62
530,Pd,46,1,244.79
531,Ga,31,1,245.01
532,Po,84,1,245.01
533,Ru,44,2,245.55
534,Ru,44,2,245.64
535,As,33,1,245.65
536,Ru,44,2,245.66
537,Hf,72,2,246.05
538,Rh,45,2,246.1
539,Hf,72,2,246.42
540,W,74,2,246.65
541,Li,3,1,247.51
542,Rh,45,2,247.56
543,Pb,82,1,247.64
544,C,6,1,247.86
545,Po,84,1,248.39
546,Os,76,2,248.62
547,Pd,46,2,248.65
548,Pt,78,1,248.72
549,Os,76,1,248.86
550,Ta,73,2,248.87
551,W,74,2,248.88
552,Pd,46,2,248.89
553,W,74,2,248.92
554,Po,84,1,249.05
555,Rh,45,2,249.08
556,As,33,1,249.29
557,Be,4,1,249.46
558,Be,4,1,249.47
559,B,5,1,249.68
560,Tc,43,2,249.68
561,B,5,1,249.77
562,Ge,32,1,249.8
563,Ga,31,1,250.02
564,Ga,31,1,250.07
565,Zn,30,2,250.2
566,Ir,77,1,250.3
567,Rh,45,2,250.51
568,Si,14,1,250.69
569,Hf,72,2,251.27
570,Hf,72,2,251.3
571,Si,14,1,251.43
572,Si,14,1,251.61
573,Hf,72,2,251.69
574,Si,14,1,251.92
575,Rh,45,2,252.05
576,In,49,1,252.14
577,Si,14,1,252.41
578,Ba,56,2,252.84
579,Si,14,1,252.85
580,Sb,51,1,252.85
581,Te,52,1,253.07
582,Ta,73,2,253.21
583,Ge,32,1,253.32
584,P,15,1,253.4
585,P,15,1,253.56
586,Hg,80,1,253.65
587,Fe,26,1,253.72
588,Os,76,2,253.8
589,Yb,70,2,253.87
590,Tc,43,2,254.32
591,Ir,77,1,254.4
592,Sn,50,1,254.65
593,Sc,21,2,255.24
594,P,15,1,255.33
595,Ta,73,2,255.46
596,W,74,2,255.51
597,Zn,30,2,255.8
598,Po,84,1,255.8
599,In,49,1,256.02
600,Sc,21,2,256.02
601,Pd,46,2,256.55
602,Th,90,1,256.56
603,Al,13,1,256.8
604,Re,75,2,256.86
605,Zr,40,2,256.89
606,Zr,40,2,257.14
607,W,74,2,257.14
608,Sn,50,1,257.16
609,Hf,72,2,257.17
610,Cd,48,2,257.29
611,Al,13,1,257.51
612,Al,13,1,257.54
613,Mn,25,2,257.61
614,Pb,82,1,257.73
615,Lu,71,2,257.88
616,Tl,81,1,258.01
617,Fe,26,2,258.59
618,Ge,32,1,259.25
619,Ta,73,2,259.37
620,Mn,25,2,259.37
621,Ta,73,2,259.42
622,Ta,73,2,259.64
623,Sb,51,1,259.8
624,Fe,26,2,259.84
625,Fe,26,2,259.94
626,In,49,1,260.18
627,Ta,73,2,260.35
628,Mn,25,2,260.57
629,Hf,72,2,260.7
630,Fe,26,2,260.71
631,Re,75,2,260.85
632,Tc,43,2,261.0
633,La,57,2,261.03
634,Fe,26,2,261.19
635,Lu,71,2,261.34
636,Fe,26,2,261.38
637,Pb,82,1,261.42
638,Lu,71,2,261.54
639,Fe,26,2,261.76
640,Cu,29,1,261.84
641,Lu,71,2,261.93
642,Mn,25,2,262.56
643,Fe,26,2,262.57
644,Bi,83,1,262.79
645,Pt,78,1,262.8
646,Fe,26,2,263.1
647,Si,14,1,263.13
648,Fe,26,2,263.13
649,Ga,31,1,263.25
650,Ba,56,2,263.48
651,Tc,43,2,263.49
652,U,92,2,263.55
653,Hf,72,2,263.87
654,Eu,63,2,263.88
655,Ir,77,1,263.97
656,Hf,72,2,264.14
657,Au,79,1,264.15
658,Pt,78,1,264.69
659,Tc,43,2,264.7
660,Be,4,1,265.06
661,Pt,78,1,265.09
662,Ge,32,1,265.12
663,Ta,73,2,265.12
664,Ge,32,1,265.16
665,Al,13,1,265.25
666,Mo,42,2,265.33
667,Yb,70,2,265.38
668,Lu,71,2,265.78
669,W,74,4,265.8
670,Pt,78,1,265.94
671,Ga,31,1,265.99
672,Al,13,1,266.04
673,Mo,42,2,266.06
674,Ru,44,2,266.16
675,Pb,82,1,266.32
676,Ir,77,1,266.48
677,Eu,63,2,266.83
678,Yb,70,2,267.27
679,Mo,42,2,267.28
680,Ta,73,2,267.59
681,Au,79,1,267.6
682,Cr,24,2,267.72
683,Zr,40,2,267.86
684,Ru,44,2,267.88
685,Cr,24,2,267.88
686,Mo,42,2,268.32
687,Mo,42,2,268.41
688,Ta,73,2,268.52
689,V,23,2,268.8
690,Mo,42,2,268.8
691,Au,79,1,268.87
692,Ge,32,1,269.13
693,Eu,63,2,269.2
694,Ru,44,2,269.21
695,Th,90,1,269.24
696,Ir,77,1,269.42
697,Ta,73,2,269.45
698,Bi,83,1,269.68
699,W,74,2,269.77
700,Mo,42,1,270.1
701,Mo,42,2,270.14
702,Lu,71,2,270.17
703,Mo,42,2,270.19
704,Pt,78,1,270.24
705,Pt,78,1,270.59
706,Sn,50,1,270.65
707,Ge,32,1,270.96
708,In,49,1,271.03
709,Ru,44,2,271.24
710,In,49,1,271.39
711,Eu,63,2,271.7
712,Pt,78,1,271.9
713,Ga,31,1,271.97
714,Nb,41,2,272.2
715,Zr,40,2,272.26
716,Ta,73,2,272.74
717,Eu,63,2,272.78
718,Re,75,2,273.3
719,Pt,78,1,273.4
720,Ru,44,2,273.43
721,Zr,40,2,273.49
722,Be,4,1,273.8
723,Fe,26,2,273.95
724,Zr,40,2,274.26
725,Fe,26,2,274.32
726,As,33,1,274.5
727,Fe,26,2,274.65
728,Fe,26,2,274.7
729,Th,90,1,274.72
730,Au,79,1,274.82
731,Cd,48,2,274.85
732,Fe,26,2,274.93
733,Yb,70,2,275.05
734,Th,90,2,275.22
735,In,49,1,275.39
736,Lu,71,2,275.42
737,Ge,32,1,275.46
738,Fe,26,2,275.57
739,Ta,73,2,276.17
740,Po,84,1,276.19
741,Cr,24,1,276.26
742,Pd,46,1,276.31
743,W,74,2,276.43
744,Cu,29,1,276.64
745,Cr,24,2,276.65
746,Tl,81,1,276.79
747,Th,90,2,276.88
748,Sb,51,1,277.0
749,Hf,72,2,277.34
750,Mo,42,2,277.54
751,Mg,12,1,277.67
752,Mg,12,1,277.83
753,Mg,12,1,277.98
754,Mo,42,2,278.0
755,As,33,1,278.02
756,Mg,12,1,278.14
757,Mg,12,1,278.3
758,Mg,12,2,279.08
759,Mn,25,1,279.48
760,Mg,12,2,279.55
761,Lu,71,2,279.66
762,Ta,73,2,279.78
763,Mg,12,2,279.8
764,Mn,25,1,279.83
765,Pb,82,1,280.2
766,Mg,12,2,280.27
767,Eu,63,2,280.28
768,Bi,83,1,280.96
769,Tc,43,2,281.16
770,Eu,63,2,281.39
771,Mo,42,2,281.62
772,Al,13,2,281.62
773,Hf,72,2,282.02
774,Eu,63,2,282.08
775,Pb,82,1,282.32
776,Cu,29,1,282.44
777,Pt,78,1,283.03
778,Th,90,2,283.23
779,Pb,82,1,283.31
780,Cr,24,2,283.56
781,Cd,48,1,283.69
782,Th,90,2,283.73
783,Os,76,1,283.86
784,Sn,50,1,284.0
785,Cr,24,2,284.32
786,Yb,70,2,284.72
787,Lu,71,2,284.75
788,Mo,42,2,284.82
789,Ir,77,1,284.97
790,Cr,24,2,284.98
791,Yb,70,2,285.11
792,Th,90,2,285.13
793,Mg,12,1,285.21
794,Mo,42,2,285.32
795,Tc,43,1,285.91
796,As,33,1,286.04
797,Cr,24,2,286.09
798,Hf,72,2,286.1
799,Hf,72,2,286.17
800,Cr,24,2,286.26
801,Sn,50,1,286.33
802,Cr,24,2,286.51
803,Cr,24,2,286.67
804,Cr,24,2,286.76
805,Tm,69,2,286.92
806,Th,90,2,287.04
807,Pb,82,1,287.33
808,Ga,31,1,287.42
809,Nb,41,2,287.54
810,Sb,51,1,287.79
811,Cd,48,1,288.08
812,Si,14,1,288.16
813,Th,90,2,288.5
814,Mn,25,2,288.96
815,Mo,42,2,289.1
816,Mo,42,2,289.13
817,Yb,70,2,289.14
818,Au,79,1,289.2
819,Lu,71,2,289.48
820,Bi,83,1,289.8
821,Be,4,1,289.83
822,V,23,2,290.65
823,Eu,63,2,290.67
824,V,23,2,290.88
825,Os,76,1,290.91
826,Er,68,2,291.04
827,Nb,41,2,291.06
828,Lu,71,2,291.14
829,Nb,41,2,291.17
830,Mo,42,2,291.19
831,Tl,81,1,291.83
832,Mo,42,2,292.34
833,V,23,1,292.36
834,V,23,2,292.4
835,V,23,2,292.46
836,Ir,77,1,292.48
837,Nb,41,2,292.78
838,Mg,12,2,292.86
839,Hf,72,2,292.96
840,Pt,78,1,292.98
841,Mo,42,2,293.05
842,V,23,2,293.08
843,In,49,1,293.26
844,Mn,25,2,293.31
845,Pu,94,2,293.33
846,Mg,12,2,293.65
847,Hf,72,2,293.78
848,Bi,83,1,293.83
849,Mn,25,2,293.93
850,V,23,2,294.14
851,Nb,41,2,294.15
852,U,92,2,294.19
853,Th,90,2,294.29
854,Ga,31,1,294.36
855,Ga,31,1,294.42
856,V,23,2,294.46
857,Mn,25,2,294.92
858,Pu,94,2,295.01
859,Nb,41,2,295.09
860,Lu,71,2,295.17
861,U,92,2,295.61
862,Po,84,1,295.89
863,Cu,29,1,296.12
864,Lu,71,2,296.33
865,Er,68,2,296.45
866,Ta,73,2,296.51
867,Pu,94,2,296.68
868,Hg,80,1,296.73
869,Lu,71,2,296.98
870,Yb,70,2,297.06
871,Pu,94,2,297.25
872,Nb,41,2,297.41
873,Hf,72,2,297.59
874,Ru,44,2,297.66
875,Pu,94,2,298.02
876,Cd,48,1,298.06
877,Yb,70,2,298.4
878,Be,4,1,298.61
879,Be,4,1,298.64
880,Si,14,1,298.76
881,Th,90,2,298.82
882,Bi,83,1,298.9
883,C,6,2,299.26
884,Bi,83,1,299.33
885,Pu,94,2,299.64
886,Pt,78,1,299.8
887,Re,75,1,299.96
888,Er,68,2,300.24
889,Ni,28,1,300.25
890,Po,84,1,300.32
891,Ni,28,1,300.36
892,Yb,70,2,300.58
893,Sn,50,1,300.91
894,Gd,64,2,301.01
895,Ni,28,1,301.2
896,Hf,72,2,301.29
897,Tm,69,2,301.53
898,Os,76,1,301.8
899,Be,4,1,301.95
900,Lu,71,2,302.05
901,Cr,24,1,302.44
902,Bi,83,1,302.46
903,Ne,10,2,302.7
904,Nb,41,2,302.84
905,Pu,94,2,302.88
906,Ne,10,2,302.89
907,Au,79,1,302.92
908,Yb,70,2,303.11
909,Hf,72,2,303.12
910,Gd,64,2,303.28
911,Gd,64,2,303.4
912,Sn,50,1,303.41
913,Ge,32,1,303.91
914,In,49,1,303.93
915,Ta,73,2,304.21
916,Pt,78,1,304.26
917,Ac,89,2,304.33
918,Al,13,1,305.01
919,Ni,28,1,305.08
920,Al,13,1,305.47
921,Lu,71,2,305.67
922,Al,13,1,305.71
923,Os,76,1,305.87
924,Al,13,1,306.43
925,Pt,78,1,306.47
926,Al,13,1,306.61
927,Bi,83,1,306.77
928,Pm,61,2,307.24
929,Lu,71,2,307.76
930,Th,90,2,307.88
931,Al,13,1,308.22
932,Ho,67,2,308.44
933,Al,13,1,309.27
934,Al,13,1,309.28
935,Mg,12,1,309.3
936,V,23,2,309.31
937,Nb,41,2,309.42
938,Gd,64,2,310.05
939,Th,90,2,310.83
940,Hf,72,2,310.91
941,V,23,2,311.07
942,U,92,2,311.16
943,Pd,46,1,311.4
944,V,23,2,311.84
945,Ho,67,2,311.85
946,Cr,24,2,311.86
947,Cr,24,2,312.04
948,V,23,2,312.53
949,Be,4,2,313.04
950,Nb,41,2,313.08
951,Be,4,2,313.11
952,Tm,69,2,313.13
953,Tm,69,2,313.39
954,Ne,10,2,314.13
955,U,92,2,314.92
956,Ac,89,2,315.31
957,Ac,89,2,315.44
958,Ca,20,2,315.89
959,Pu,94,2,315.92
960,Nb,41,2,316.34
961,Zr,40,2,316.6
962,Mo,42,1,317.03
963,Tc,43,1,317.33
964,Pu,94,2,317.45
965,Sn,50,1,317.5
966,Ca,20,2,317.93
967,Th,90,2,318.02
968,Nb,41,2,318.03
969,Ca,20,2,318.13
970,Er,68,2,318.19
971,V,23,1,318.34
972,V,23,1,318.4
973,V,23,1,318.54
974,V,23,2,318.85
975,Nb,41,2,319.11
976,Yb,70,2,319.29
977,Mo,42,1,319.4
978,Hf,72,2,319.42
979,Nb,41,2,319.5
980,Tc,43,2,319.52
981,Y,39,2,319.56
982,Lu,71,2,319.81
983,Pu,94,2,319.85
984,Ne,10,2,319.86
985,Y,39,2,320.03
986,Ti,22,2,320.25
987,Y,39,2,320.33
988,Nb,41,2,320.63
989,Tc,43,2,321.2
990,Zr,40,2,321.42
991,Nb,41,2,321.56
992,Ti,22,2,321.71
993,Tb,65,2,321.89
994,Tb,65,2,322.0
995,Ir,77,1,322.08
996,Pu,94,2,322.09
997,Ti,22,2,322.28
998,Pu,94,2,322.49
999,Nb,41,2,322.55
1000,Th,90,2,322.9
1001,Er,68,2,323.06
1002,Zr,40,2,323.17
1003,Pu,94,2,323.26
1004,Li,3,1,323.27
1005,Ti,22,2,323.45
1006,Nb,41,2,323.64
1007,Ti,22,2,323.66
1008,Tm,69,2,323.68
1009,Tc,43,2,323.7
1010,Th,90,2,323.81
1011,Ti,22,2,323.9
1012,Tm,69,2,324.02
1013,Ti,22,2,324.2
1014,Y,39,2,324.23
1015,Pd,46,1,324.27
1016,Pu,94,1,324.42
1017,Pu,94,2,324.52
1018,Cu,29,1,324.75
1019,Ti,22,2,324.86
1020,Pd,46,1,325.16
1021,Pu,94,1,325.21
1022,Cd,48,1,325.25
1023,Ti,22,2,325.29
1024,Nb,41,2,325.41
1025,Lu,71,2,325.43
1026,In,49,1,325.61
1027,In,49,1,325.86
1028,Pd,46,1,325.88
1029,Pu,94,2,326.05
1030,Ac,89,2,326.09
1031,Cd,48,1,326.11
1032,Ti,22,2,326.16
1033,Sn,50,1,326.23
1034,Er,68,2,326.48
1035,V,23,2,326.77
1036,Ge,32,1,326.95
1037,V,23,2,327.11
1038,Eu,63,2,327.28
1039,Zr,40,2,327.3
1040,Pu,94,2,327.31
1041,Cu,29,1,327.4
1042,Pu,94,1,327.52
1043,V,23,2,327.61
1044,Eu,63,2,327.78
1045,Ti,22,3,327.88
1046,Zr,40,2,327.93
1047,Er,68,2,327.93
1048,Rh,45,1,328.06
1049,Ag,47,1,328.07
1050,Ho,67,2,328.2
1051,Zn,30,1,328.23
1052,Rh,45,1,328.36
1053,Zr,40,2,328.47
1054,Ti,22,2,328.77
1055,Yb,70,2,328.94
1056,Tm,69,2,329.1
1057,U,92,2,329.13
1058,Mo,42,2,329.23
1059,Pu,94,1,329.26
1060,Tb,65,2,329.31
1061,Os,76,1,330.16
1062,Pu,94,1,330.18
1063,Pt,78,1,330.19
1064,Pd,46,1,330.21
1065,Na,11,1,330.24
1066,Tm,69,2,330.25
1067,Zn,30,1,330.26
1068,Zn,30,1,330.29
1069,Na,11,1,330.3
1070,Re,75,2,330.32
1071,U,92,2,330.59
1072,Zr,40,2,330.63
1073,Sm,62,2,330.64
1074,Tm,69,2,330.98
1075,Er,68,2,331.24
1076,Pu,94,2,331.26
1077,Er,68,2,331.64
1078,Ne,10,2,331.97
1079,Pu,94,1,332.06
1080,Pu,94,1,332.08
1081,Be,4,1,332.1
1082,Be,4,1,332.13
1083,Rh,45,1,332.31
1084,Ne,10,2,332.37
1085,Tb,65,2,332.44
1086,Th,90,2,332.51
1087,Y,39,2,332.79
1088,Po,84,1,332.86
1089,Ti,22,2,332.95
1090,Sn,50,1,333.06
1091,Er,68,2,333.27
1092,La,57,2,333.75
1093,Pu,94,2,333.77
1094,Pu,94,1,333.89
1095,Ti,22,2,334.19
1096,La,57,2,334.46
1097,Zn,30,1,334.5
1098,Ne,10,2,334.55
1099,Zn,30,1,334.56
1100,Zn,30,1,334.59
1101,Er,68,2,334.6
1102,Ti,22,2,334.9
1103,Ti,22,2,334.94
1104,Gd,64,2,335.05
1105,Th,90,2,335.12
1106,Sc,21,1,335.37
1107,Gd,64,2,335.86
1108,Sc,21,2,335.97
1109,Ti,22,2,336.12
1110,Sc,21,2,336.13
1111,Sc,21,2,336.19
1112,Gd,64,2,336.22
1113,Tm,69,2,336.26
1114,Er,68,2,336.41
1115,Er,68,2,336.8
1116,Cr,24,2,336.8
1117,Sc,21,2,336.89
1118,Sc,21,2,337.22
1119,Er,68,2,337.27
1120,Ti,22,2,337.28
1121,Pd,46,1,337.3
1122,Er,68,2,337.42
1123,Ne,10,2,337.82
1124,Re,75,2,337.91
1125,Ni,28,1,338.06
1126,Sr,38,2,338.07
1127,La,57,2,338.09
1128,Ag,47,1,338.29
1129,Ti,22,2,338.38
1130,Dy,66,2,338.5
1131,Er,68,2,338.51
1132,Pu,94,2,339.14
1133,Zr,40,2,339.2
1134,Er,68,2,339.2
1135,Th,90,2,339.2
1136,Ne,10,2,339.28
1137,Eu,63,2,339.66
1138,Rh,45,1,339.68
1139,Lu,71,2,339.71
1140,Bi,83,1,339.72
1141,Tm,69,2,339.75
1142,Ho,67,2,339.9
1143,Hf,72,2,339.98
1144,Th,90,2,340.27
1145,Cd,48,1,340.36
1146,Pd,46,1,340.46
1147,Co,27,1,340.51
1148,Dy,66,2,340.78
1149,Zr,40,2,341.02
1150,Co,27,1,341.23
1151,Ni,28,1,341.48
1152,Ho,67,2,341.65
1153,Pd,46,1,342.12
1154,Gd,64,2,342.25
1155,Re,75,1,342.46
1156,Tm,69,2,342.51
1157,Ho,67,2,342.53
1158,Pm,61,2,342.74
1159,Ho,67,2,342.81
1160,Ru,44,1,342.83
1161,Tm,69,2,343.0
1162,Zr,40,2,343.05
1163,Pd,46,1,343.34
1164,Rh,45,1,343.49
1165,Ru,44,1,343.67
1166,Zr,40,2,343.82
1167,Er,68,2,344.11
1168,Pd,46,1,344.14
1169,Tm,69,2,344.15
1170,Mn,25,2,344.2
1171,Co,27,1,344.36
1172,Dy,66,2,344.56
1173,Ni,28,1,344.63
1174,Pm,61,2,344.98
1175,B,5,2,345.13
1176,Re,75,1,345.19
1177,Ho,67,2,345.31
1178,Co,27,1,345.35
1179,Tm,69,2,345.37
1180,Yb,70,2,345.41
1181,Be,4,1,345.52
1182,Ho,67,2,345.6
1183,Ni,28,1,345.85
1184,Re,75,1,346.05
1185,Pd,46,1,346.07
1186,Ni,28,1,346.16
1187,Ho,67,2,346.2
1188,Rh,45,1,346.2
1189,Tm,69,2,346.22
1190,Gd,64,2,346.4
1191,Yb,70,1,346.44
1192,Sr,38,2,346.45
1193,Re,75,1,346.47
1194,Cd,48,1,346.62
1195,Tc,43,1,346.63
1196,Gd,64,2,346.73
1197,Cd,48,1,346.77
1198,Gd,64,2,346.9
1199,Th,90,2,346.99
1200,Er,68,2,347.17
1201,Lu,71,2,347.25
1202,Co,27,1,347.4
1203,Ho,67,2,347.43
1204,Yb,70,2,347.63
1205,Dy,66,2,347.71
1206,Yb,70,2,347.88
1207,Zr,40,2,347.94
1208,Zr,40,2,348.12
1209,Pd,46,1,348.12
1210,Ac,89,2,348.12
1211,Gd,64,2,348.13
1212,Ho,67,2,348.48
1213,Ni,28,1,349.3
1214,Dy,66,2,349.45
1215,Ho,67,2,349.48
1216,Y,39,2,349.61
1217,Zr,40,2,349.62
1218,Ru,44,1,349.89
1219,Er,68,2,349.91
1220,Ba,56,1,350.11
1221,F,9,2,350.16
1222,Co,27,1,350.23
1223,Rh,45,1,350.25
1224,F,9,2,350.28
1225,F,9,2,350.3
1226,F,9,2,350.31
1227,Hf,72,2,350.52
1228,Co,27,1,350.63
1229,Rh,45,1,350.73
1230,Lu,71,2,350.74
1231,Tb,65,2,350.92
1232,Co,27,1,350.98
1233,Co,27,1,351.04
1234,Bi,83,1,351.09
1235,Ir,77,1,351.36
1236,Ni,28,1,351.5
1237,Be,4,1,351.55
1238,Ho,67,2,351.56
1239,Pd,46,1,351.69
1240,Tl,81,1,351.92
1241,Yb,70,2,352.03
1242,Tb,65,2,352.37
1243,Dy,66,2,352.4
1244,Ni,28,1,352.45
1245,Rh,45,1,352.8
1246,Tl,81,1,352.94
1247,Dy,66,2,353.17
1248,Dy,66,2,353.5
1249,Tm,69,2,353.55
1250,Hf,72,2,353.55
1251,Sc,21,2,353.57
1252,Dy,66,2,353.6
1253,Tm,69,2,353.62
1254,Tm,69,2,353.66
1255,Dy,66,2,353.85
1256,Th,90,2,353.96
1257,Tb,65,2,354.02
1258,Tc,43,1,354.18
1259,Dy,66,2,354.23
1260,V,23,2,354.52
1261,Gd,64,2,354.58
1262,Ho,67,2,354.6
1263,Mn,25,1,354.78
1264,Y,39,2,354.9
1265,Gd,64,2,354.94
1266,Tc,43,1,354.97
1267,Dy,66,2,355.02
1268,Tc,43,1,355.06
1269,Dy,66,2,355.16
1270,Zr,40,2,355.2
1271,Pd,46,1,355.31
1272,Zr,40,2,355.66
1273,Ho,67,2,355.68
1274,V,23,2,355.68
1275,Sc,21,2,355.85
1276,Yb,70,2,356.03
1277,Hf,72,2,356.17
1278,Tb,65,2,356.17
1279,Fe,26,1,356.54
1280,Ac,89,2,356.56
1281,Tb,65,2,356.85
1282,Hf,72,2,356.9
1283,Co,27,1,356.94
1284,Fe,26,1,357.03
1285,Sc,21,2,357.25
1286,Pb,82,1,357.27
1287,Ho,67,2,357.48
1288,Dy,66,2,357.62
1289,Sc,21,2,357.63
1290,Zr,40,2,357.68
1291,Ce,58,2,357.74
1292,Cr,24,1,357.87
1293,Tb,65,2,357.92
1294,Re,75,2,358.02
1295,Sc,21,2,358.09
1296,Fe,26,1,358.12
1297,Rh,45,1,358.31
1298,Y,39,2,358.45
1299,Gd,64,2,358.5
1300,Tb,65,2,358.5
1301,Dy,66,2,358.51
1302,Yb,70,2,358.55
1303,Rb,37,1,358.7
1304,Co,27,1,358.72
1305,Tc,43,1,358.79
1306,Ru,44,1,358.92
1307,Sc,21,2,358.96
1308,Sc,21,2,359.05
1309,Sm,62,2,359.26
1310,Ru,44,1,359.3
1311,Cr,24,1,359.35
1312,Dy,66,2,359.5
1313,Bi,83,1,359.61
1314,Rh,45,1,359.62
1315,Rh,45,1,359.72
1316,Tb,65,2,360.04
1317,Y,39,2,360.07
1318,Y,39,2,360.19
1319,Sm,62,2,360.43
1320,Cr,24,1,360.53
1321,Tm,69,2,360.88
1322,Th,90,2,360.92
1323,Sm,62,2,360.95
1324,Pd,46,1,360.95
1325,Cd,48,1,361.05
1326,Y,39,2,361.1
1327,Cd,48,1,361.29
1328,Zr,40,2,361.31
1329,Sc,21,2,361.38
1330,Zr,40,2,361.48
1331,Er,68,2,361.66
1332,Fe,26,1,361.88
1333,Ni,28,1,361.94
1334,Nb,41,2,361.95
1335,Yb,70,2,361.98
1336,Sm,62,2,362.12
1337,Lu,71,2,362.4
1338,Y,39,2,362.87
1339,Dy,66,2,363.02
1340,Sc,21,2,363.07
1341,Pu,94,2,363.22
1342,Y,39,2,363.31
1343,Er,68,2,363.35
1344,Pm,61,2,363.42
1345,Sm,62,2,363.43
1346,Pd,46,1,363.47
1347,Tc,43,1,363.51
1348,Tc,43,1,363.61
1349,Tb,65,2,363.85
1350,Pb,82,1,363.96
1351,Sc,21,2,364.28
1352,Hf,72,2,364.44
1353,Sc,21,2,364.53
1354,Dy,66,2,364.54
1355,La,57,2,364.54
1356,Gd,64,2,364.62
1357,Ra,88,2,364.96
1358,Sc,21,2,365.18
1359,Gd,64,2,365.46
1360,Tb,65,2,365.49
1361,Gd,64,2,365.62
1362,Rh,45,1,365.8
1363,Tb,65,2,365.89
1364,Pm,61,2,365.94
1365,Ru,44,1,366.14
1366,Sm,62,2,366.14
1367,Gd,64,2,366.46
1368,Y,39,2,366.46
1369,Yb,70,2,366.97
1370,U,92,2,367.01
1371,Gd,64,2,367.12
1372,Tb,65,2,367.64
1373,Pb,82,1,368.35
1374,Tc,43,1,368.47
1375,Ti,22,1,368.52
1376,Eu,63,2,368.84
1377,Pm,61,2,368.98
1378,Pd,46,1,369.03
1379,Rh,45,1,369.24
1380,Pm,61,2,369.25
1381,Er,68,2,369.26
1382,Yb,70,2,369.42
1383,Dy,66,2,369.48
1384,Pm,61,2,369.75
1385,Gd,64,2,369.77
1386,Zr,40,2,369.82
1387,Tm,69,2,370.03
1388,Rh,45,1,370.09
1389,Tm,69,2,370.14
1390,U,92,2,370.15
1391,Pm,61,2,370.26
1392,Tb,65,2,370.29
1393,Tb,65,2,370.39
1394,Ca,20,2,370.6
1395,Ce,58,2,370.99
1396,Y,39,2,371.03
1397,Pm,61,2,371.17
1398,Tb,65,2,371.18
1399,Gd,64,2,371.27
1400,Tc,43,1,371.89
1401,Hf,72,2,371.93
1402,Gd,64,2,371.94
1403,Fe,26,1,371.99
1404,Pu,94,1,372.06
1405,Th,90,2,372.18
1406,Eu,63,2,372.49
1407,Tc,43,1,372.64
1408,Ru,44,1,372.69
1409,Ru,44,1,372.8
1410,Sm,62,2,372.85
1411,Er,68,2,372.95
1412,Sm,62,2,373.13
1413,Tm,69,2,373.41
1414,Fe,26,1,373.49
1415,Sm,62,2,373.6
1416,Ca,20,2,373.69
1417,Fe,26,1,373.71
1418,U,92,2,373.8
1419,Sm,62,2,373.91
1420,Pb,82,1,373.99
1421,Th,90,2,374.12
1422,Eu,63,2,374.13
1423,Ru,44,1,374.23
1424,Pm,61,2,374.25
1425,Er,68,2,374.26
1426,Gd,64,2,374.35
1427,Pm,61,2,374.59
1428,Tc,43,1,374.68
1429,Pm,61,2,374.71
1430,U,92,2,374.87
1431,Fe,26,1,374.95
1432,Pm,61,2,375.01
1433,Zr,40,2,375.16
1434,Th,90,2,375.26
1435,Pu,94,1,375.36
1436,Tc,43,1,375.44
1437,Tb,65,2,375.52
1438,Pu,94,1,375.59
1439,Dy,66,2,375.74
1440,Pu,94,1,375.83
1441,La,57,2,375.91
1442,Ti,22,2,375.93
1443,Sm,62,2,376.07
1444,Ti,22,2,376.13
1445,Tm,69,2,376.13
1446,Tm,69,2,376.19
1447,Ne,10,2,376.63
1448,Gd,64,2,376.84
1449,Tc,43,1,376.88
1450,Y,39,2,377.43
1451,Pu,94,1,377.44
1452,Tl,81,1,377.57
1453,Tb,65,2,377.65
1454,Ne,10,2,377.71
1455,U,92,2,378.28
1456,Dy,66,2,378.62
1457,Er,68,2,378.68
1458,Dy,66,2,378.84
1459,Y,39,2,378.87
1460,La,57,2,379.08
1461,Pu,94,1,379.22
1462,Hf,72,2,379.34
1463,La,57,2,379.48
1464,Pm,61,2,379.57
1465,Tm,69,2,379.58
1466,Gd,64,2,379.64
1467,Ho,67,2,379.68
1468,Mo,42,1,379.83
1469,Ru,44,1,379.89
1470,Rh,45,1,379.93
1471,Ru,44,1,379.94
1472,Pu,94,1,379.94
1473,Ce,58,2,380.15
1474,Nd,60,2,380.54
1475,Pu,94,1,380.59
1476,Mn,25,1,380.67
1477,Ho,67,2,381.07
1478,Pu,94,1,381.14
1479,Ho,67,2,381.32
1480,Be,4,1,381.35
1481,Gd,64,2,381.4
1482,Eu,63,2,381.55
1483,Pr,59,2,381.6
1484,Pr,59,2,381.83
1485,Eu,63,2,381.97
1486,Pm,61,2,382.05
1487,Rh,45,1,382.23
1488,Sm,62,2,382.62
1489,Mg,12,1,382.94
1490,Er,68,2,383.05
1491,Pr,59,2,383.07
1492,U,92,2,383.15
1493,Mg,12,1,383.23
1494,Y,39,2,383.29
1495,Pu,94,1,383.55
1496,Dy,66,2,383.65
1497,Zr,40,2,383.68
1498,Ho,67,2,383.75
1499,Tm,69,2,383.82
1500,Mg,12,1,383.83
1501,Tb,65,2,384.25
1502,Pm,61,2,384.3
1503,F,9,2,384.71
1504,Tm,69,2,384.8
1505,Tb,65,2,384.87
1506,La,57,2,384.9
1507,F,9,2,385.0
1508,Pu,94,1,385.1
1509,F,9,2,385.17
1510,Pu,94,1,385.18
1511,Ho,67,2,385.41
1512,Ce,58,2,385.42
1513,Sm,62,2,385.42
1514,U,92,2,385.46
1515,Rh,45,1,385.65
1516,U,92,2,385.96
1517,Ho,67,2,386.17
1518,Ac,89,2,386.31
1519,Nd,60,2,386.33
1520,Mo,42,1,386.41
1521,Be,4,1,386.51
1522,La,57,2,387.16
1523,Dy,66,2,387.21
1524,Tb,65,2,387.42
1525,Pr,59,2,387.62
1526,Lu,71,2,387.66
1527,Pr,59,2,387.72
1528,Pm,61,2,387.76
1529,Pu,94,1,387.85
1530,U,92,2,388.14
1531,Ce,58,2,388.24
1532,Er,68,2,388.29
1533,Sm,62,2,388.53
1534,La,57,2,388.64
1535,He,2,1,388.86
1536,Ho,67,2,388.9
1537,U,92,2,389.04
1538,Ho,67,2,389.1
1539,Ba,56,2,389.18
1540,Pm,61,2,389.22
1541,Pu,94,1,389.59
1542,Dy,66,2,389.85
1543,Tb,65,2,389.92
1544,Pm,61,2,389.98
1545,Si,14,1,390.55
1546,Ho,67,2,390.57
1547,Er,68,2,390.63
1548,Eu,63,2,390.71
1549,Sc,21,1,390.75
1550,Pr,59,1,390.84
1551,Pm,61,2,391.03
1552,Sc,21,1,391.18
1553,Li,3,1,391.54
1554,La,57,2,391.6
1555,Gd,64,2,391.65
1556,Pr,59,2,391.88
1557,Pm,61,2,391.91
1558,La,57,2,392.15
1559,Tb,65,2,392.54
1560,Pr,59,2,392.55
1561,La,57,2,392.92
1562,Eu,63,2,393.05
1563,U,92,2,393.2
1564,Ca,20,2,393.37
1565,Pm,61,2,393.65
1566,Er,68,2,393.86
1567,Nd,60,2,394.15
1568,Al,13,1,394.4
1569,Pm,61,2,394.42
1570,Dy,66,2,394.47
1571,Tc,43,1,394.66
1572,Y,39,2,395.03
1573,Nd,60,2,395.12
1574,Ce,58,2,395.25
1575,Pr,59,2,395.35
1576,Pm,61,2,395.77
1577,Tm,69,2,395.81
1578,Zr,40,2,395.82
1579,Rh,45,1,395.89
1580,Al,13,1,396.15
1581,Pr,59,2,396.48
1582,Pr,59,1,396.52
1583,Ca,20,2,396.85
1584,Eu,63,2,397.2
1585,Tb,65,2,397.68
1586,Dy,66,2,397.86
1587,Pm,61,2,398.07
1588,Tb,65,2,398.19
1589,Pr,59,1,398.2
1590,Y,39,2,398.26
1591,Tc,43,1,398.5
1592,Li,3,1,398.55
1593,U,92,2,398.58
1594,Zr,40,2,399.11
1595,Pr,59,2,399.48
1596,Pm,61,2,399.5
1597,La,57,2,399.58
1598,Pm,61,2,399.9
1599,Dy,66,2,400.04
1600,Ce,58,2,400.38
1601,Pr,59,2,400.47
1602,Tb,65,2,400.55
1603,Pr,59,2,400.87
1604,Pm,61,2,401.0
1605,Pr,59,2,401.06
1606,Eu,63,2,401.17
1607,Nd,60,2,401.22
1608,Ce,58,2,401.24
1609,Th,90,2,401.91
1610,Sc,21,1,402.04
1611,Sc,21,1,402.37
1612,F,9,2,402.47
1613,F,9,2,402.55
1614,Mn,25,1,403.08
1615,Tc,43,1,403.16
1616,La,57,2,403.17
1617,Ga,31,1,403.3
1618,Mn,25,1,403.31
1619,Mn,25,1,403.45
1620,Ce,58,2,404.08
1621,Mn,25,1,404.14
1622,Ce,58,2,404.26
1623,La,57,2,404.29
1624,Ho,67,2,404.54
1625,Fe,26,1,404.58
1626,Tc,43,1,404.91
1627,U,92,2,405.0
1628,Pm,61,2,405.15
1629,Ho,67,1,405.39
1630,Pm,61,2,405.52
1631,Pr,59,2,405.65
1632,Pb,82,1,405.78
1633,Nb,41,1,405.89
1634,Nd,60,2,406.11
1635,Cu,29,1,406.26
1636,Pr,59,2,406.28
1637,Gd,64,2,406.34
1638,Ho,67,2,406.51
1639,Ce,58,2,407.18
1640,Ce,58,2,407.35
1641,Pm,61,2,407.58
1642,La,57,2,407.74
1643,Sr,38,2,407.77
1644,Dy,66,2,407.8
1645,Pm,61,2,408.61
1646,Ac,89,2,408.84
1647,Tc,43,1,408.87
1648,U,92,2,409.01
1649,Tc,43,1,409.57
1650,In,49,1,410.17
1651,Dy,66,2,410.33
1652,Ho,67,1,410.38
1653,Nd,60,2,410.95
1654,Tc,43,1,411.51
1655,U,92,2,411.61
1656,Th,90,2,411.67
1657,Ce,58,2,411.81
1658,Pr,59,2,411.85
1659,Sm,62,2,411.86
1660,La,57,2,412.32
1661,Tc,43,1,412.42
1662,Ce,58,2,412.74
1663,Eu,63,2,412.97
1664,Ba,56,2,413.06
1665,Pu,94,1,413.3
1666,Pu,94,1,414.0
1667,Pr,59,2,414.12
1668,Ce,58,2,414.24
1669,Pr,59,2,414.31
1670,Tb,65,2,414.44
1671,Tc,43,1,414.5
1672,Ce,58,2,414.5
1673,Ce,58,2,414.98
1674,Pu,94,1,415.11
1675,Ce,58,2,415.2
1676,La,57,2,415.2
1677,Nd,60,2,415.61
1678,Tc,43,1,416.56
1679,Ce,58,2,416.56
1680,Ba,56,2,416.6
1681,Ac,89,2,416.84
1682,Po,84,1,417.05
1683,U,92,2,417.16
1684,Ga,31,1,417.2
1685,Y,39,2,417.75
1686,Pr,59,2,417.94
1687,Ac,89,1,418.0
1688,Xe,54,2,418.01
1689,Ac,89,1,418.31
1690,Pm,61,2,419.29
1691,Ac,89,1,419.44
1692,La,57,2,419.66
1693,Rb,37,1,420.18
1694,Ce,58,2,420.29
1695,Eu,63,2,420.5
1696,Pu,94,1,420.65
1697,Pu,94,1,420.82
1698,Th,90,2,420.89
1699,Rb,37,1,421.55
1700,Sr,38,2,421.55
1701,Ce,58,2,422.26
1702,Pr,59,2,422.29
1703,Pr,59,2,422.54
1704,Fr,87,1,422.57
1705,Ca,20,1,422.67
1706,Nd,60,2,423.24
1707,Tc,43,1,423.82
1708,Sc,21,2,424.68
1709,Ce,58,2,424.87
1710,Cr,24,1,425.44
1711,Sm,62,2,425.64
1712,Pu,94,1,426.19
1713,Gd,64,1,426.21
1714,Tc,43,1,426.23
1715,Sm,62,2,426.27
1716,C,6,2,426.7
1717,C,6,2,426.73
1718,La,57,2,426.95
1719,Fe,26,1,427.18
1720,Cr,24,1,427.48
1721,Sm,62,2,428.08
1722,Ca,20,1,428.3
1723,La,57,2,428.7
1724,Ca,20,1,428.94
1725,Cr,24,1,428.97
1726,W,74,1,429.46
1727,Tc,43,1,429.71
1728,Pr,59,1,429.78
1729,Pm,61,2,429.78
1730,Ca,20,1,429.9
1731,Ca,20,1,430.25
1732,Nd,60,2,430.36
1733,Sr,38,2,430.54
1734,Ca,20,1,430.77
1735,Rn,86,1,430.78
1736,Y,39,2,430.96
1737,Ca,20,1,431.86
1738,Sm,62,2,431.89
1739,Sc,21,2,432.07
1740,Sc,21,2,432.5
1741,Fr,87,1,432.54
1742,Nd,60,2,432.58
1743,Sm,62,2,432.9
1744,Xe,54,2,433.05
1745,Pm,61,2,433.65
1746,Ra,88,2,434.06
1747,Pm,61,2,434.21
1748,W,74,2,434.81
1749,Rn,86,1,434.96
1750,La,57,2,435.44
1751,Eu,63,2,435.51
1752,Kr,36,2,435.55
1753,Hg,80,1,435.83
1754,U,92,1,436.2
1755,U,92,1,437.26
1756,Sc,21,2,437.45
1757,Rh,45,1,437.48
1758,Y,39,2,437.49
1759,V,23,1,437.92
1760,Ce,58,2,438.22
1761,Fe,26,1,438.35
1762,Ac,89,1,438.45
1763,Ac,89,2,438.64
1764,Ce,58,1,438.67
1765,Sm,62,2,439.09
1766,Ac,89,1,439.67
1767,Y,39,2,439.8
1768,Fe,26,1,440.48
1769,Pu,94,1,440.49
1770,Fe,26,1,441.51
1771,Sc,21,2,441.55
1772,Pm,61,2,441.8
1773,Ce,58,2,441.88
1774,Sm,62,2,442.11
1775,Sm,62,2,442.43
1776,Ca,20,1,442.54
1777,La,57,2,442.99
1778,Pm,61,2,443.25
1779,Ca,20,1,443.5
1780,Eu,63,2,443.56
1781,Ca,20,1,443.57
1782,Kr,36,2,443.68
1783,Pm,61,2,444.54
1784,Pm,61,2,444.69
1785,Ce,58,2,444.93
1786,Pr,59,2,444.98
1787,Sm,62,2,445.27
1788,Pm,61,2,445.4
1789,Sm,62,2,445.46
1790,Ca,20,1,445.48
1791,Ca,20,1,445.59
1792,Ca,20,1,445.66
1793,Xe,54,2,446.22
1794,Ac,89,1,446.27
1795,Ce,58,2,447.12
1796,He,2,1,447.15
1797,U,92,2,447.23
1798,Pm,61,2,447.32
1799,Kr,36,2,447.5
1800,Ce,58,2,448.69
1801,Po,84,1,449.32
1802,Pr,59,2,449.65
1803,Pm,61,2,450.02
1804,Ac,89,2,450.72
1805,In,49,1,451.13
1806,Tc,43,1,452.28
1807,Pm,61,2,452.52
1808,Pm,61,2,452.92
1809,Pu,94,2,453.62
1810,Sm,62,2,453.8
1811,U,92,2,454.36
1812,Ti,22,1,454.88
1813,Ti,22,2,454.96
1814,Ba,56,2,455.4
1815,Cs,55,1,455.53
1816,Ce,58,2,456.24
1817,Ti,22,2,456.38
1818,Ce,58,2,457.23
1819,Be,4,1,457.27
1820,Kr,36,2,457.72
1821,Cs,55,1,459.32
1822,Eu,63,1,459.4
1823,Cs,55,2,460.38
1824,Ac,89,2,460.54
1825,Sr,38,1,460.73
1826,Kr,36,2,461.92
1827,Nd,60,1,462.19
1828,U,92,2,462.71
1829,Kr,36,2,463.39
1830,Nd,60,1,463.42
1831,Kr,36,2,465.89
1832,Eu,63,1,466.19
1833,Pm,61,1,466.52
1834,Sm,62,2,467.46
1835,Sm,62,2,467.69
1836,Cd,48,1,467.81
1837,Zn,30,1,468.01
1838,Ra,88,2,468.22
1839,Nd,60,1,468.34
1840,Sm,62,2,470.44
1841,Ac,89,1,471.66
1842,Nd,60,1,471.9
1843,Ac,89,2,472.02
1844,Zn,30,1,472.22
1845,Sr,38,1,472.23
1846,Yb,70,2,472.61
1847,Pm,61,1,472.84
1848,U,92,2,473.16
1849,Pm,61,1,473.43
1850,Kr,36,2,473.9
1851,La,57,2,474.03
1852,Tc,43,1,474.06
1853,Mn,25,1,475.4
1854,Pm,61,1,475.9
1855,Mn,25,1,476.24
1856,Pm,61,1,476.26
1857,Kr,36,2,476.57
1858,C,6,1,477.17
1859,Pm,61,1,477.35
1860,Mn,25,1,478.34
1861,Cl,17,2,479.46
1862,Pm,61,1,479.9
1863,Cd,48,1,479.99
1864,Pm,61,1,480.14
1865,Zn,30,1,481.05
1866,Pm,61,1,481.2
1867,Tc,43,1,482.07
1868,Mn,25,1,482.35
1869,Cs,55,2,483.02
1870,Kr,36,2,483.21
1871,Pm,61,1,483.77
1872,Xe,54,2,484.43
1873,Kr,36,2,484.66
1874,Tc,43,1,485.36
1875,Pm,61,1,486.07
1876,H,1,1,486.14
1877,Pm,61,1,486.57
1878,Tc,43,1,486.67
1879,Y,39,2,488.37
1880,Nd,60,1,488.38
1881,Fe,26,1,489.08
1882,Fe,26,1,489.15
1883,Tc,43,1,489.19
1884,Pm,61,1,489.25
1885,Cl,17,2,489.68
1886,Nd,60,1,489.69
1887,La,57,2,489.99
1888,Ba,56,2,489.99
1889,Y,39,2,490.01
1890,Fe,26,1,492.05
1891,Nd,60,1,492.45
1892,Pm,61,1,493.3
1893,Ba,56,2,493.41
1894,Nd,60,1,494.48
1895,Cs,55,2,495.29
1896,Nd,60,1,495.48
1897,Fe,26,1,495.73
1898,Fe,26,1,495.76
1899,Pm,61,1,495.95
1900,Ti,22,2,498.14
1901,Ti,22,1,498.17
1902,Pm,61,1,499.71
1903,Tm,69,2,503.42
1904,Pr,59,2,503.44
1905,Cs,55,2,504.38
1906,C,6,1,505.22
1907,W,74,1,505.33
1908,Pm,61,1,505.83
1909,Xe,54,2,508.06
1910,Cd,48,1,508.58
1911,Pm,61,1,509.48
1912,Tc,43,1,509.63
1913,Pm,61,1,510.08
1914,Cu,29,1,510.55
1915,La,57,2,511.46
1916,La,57,2,512.3
1917,Pm,61,1,512.73
1918,Pr,59,2,512.95
1919,C,6,2,514.52
1920,Pm,61,1,514.63
1921,Cu,29,1,515.32
1922,Pm,61,2,515.39
1923,Mg,12,1,516.73
1924,Pm,61,2,516.97
1925,Pm,61,2,517.16
1926,Mg,12,1,517.27
1927,La,57,2,518.34
1928,Mg,12,1,518.36
1929,Pr,59,2,519.13
1930,Pm,61,2,519.4
1931,Cr,24,1,520.45
1932,Y,39,2,520.57
1933,Cr,24,1,520.6
1934,Pm,61,2,520.81
1935,Cr,24,1,520.84
1936,Ag,47,1,520.91
1937,Cl,17,2,521.79
1938,Cu,29,1,521.82
1939,Cs,55,2,522.7
1940,Pm,61,2,523.63
1941,Pm,61,2,523.67
1942,Pm,61,2,524.63
1943,Cs,55,2,524.94
1944,Ca,20,1,526.17
1945,Ca,20,1,526.22
1946,Ca,20,1,526.42
1947,Ca,20,1,526.56
1948,Ca,20,1,527.03
1949,Pm,61,2,527.06
1950,Xe,54,2,529.22
1951,Xe,54,2,531.39
1952,Xe,54,2,533.93
1953,Ca,20,1,534.95
1954,Yb,70,2,535.29
1955,K,19,1,535.96
1956,Fe,26,1,538.34
1957,Cr,24,1,540.98
1958,Xe,54,2,541.92
1959,Cl,17,2,542.32
1960,Xe,54,2,543.9
1961,Yb,70,2,544.93
1962,S,16,2,545.38
1963,Hg,80,1,546.08
1964,Ag,47,1,546.55
1965,Xe,54,2,547.26
1966,Mo,42,1,550.65
1967,Ba,56,1,551.9
1968,U,92,2,552.78
1969,Mg,12,1,552.84
1970,Ba,56,1,553.55
1971,Pm,61,2,554.61
1972,Cs,55,2,556.3
1973,Kr,36,1,557.03
1974,Pm,61,2,557.6
1975,Ca,20,1,558.2
1976,Ca,20,1,558.88
1977,Tc,43,1,558.9
1978,Ca,20,1,559.45
1979,Ca,20,1,559.85
1980,Ca,20,1,560.13
1981,Ca,20,1,560.28
1982,Ra,88,1,566.08
1983,Na,11,1,568.26
1984,Na,11,1,568.82
1985,Pu,94,1,571.24
1986,Cu,29,1,578.21
1987,K,19,1,578.24
1988,K,19,1,580.18
1989,K,19,1,581.21
1990,Eu,63,2,581.87
1991,Pm,61,2,582.39
1992,Cs,55,2,583.11
1993,K,19,1,583.19
1994,Ca,20,1,585.74
1995,Pm,61,2,586.88
1996,Kr,36,1,587.09
1997,He,2,1,587.56
1998,C,6,2,588.98
1999,Na,11,1,589.0
2000,Na,11,1,589.59
2001,Ac,89,2,591.08
2002,Cs,55,2,592.56
2003,Pm,61,2,594.65
2004,Xe,54,2,597.65
2005,Cs,55,1,601.05
2006,Ba,56,1,601.95
2007,Xe,54,2,603.62
2008,Eu,63,2,604.95
2009,Xe,54,2,605.12
2010,Xe,54,2,609.76
2011,Pm,61,1,610.02
2012,Ca,20,1,610.27
2013,Li,3,1,610.35
2014,Li,3,1,610.36
2015,Ba,56,1,611.08
2016,Ca,20,1,612.22
2017,Ca,20,1,616.13
2018,Ca,20,1,616.22
2019,Ca,20,1,616.38
2020,Ca,20,1,616.91
2021,Ca,20,1,616.96
2022,Pu,94,1,619.28
2023,Ra,88,1,620.03
2024,Lu,71,2,622.19
2025,Lu,71,2,623.54
2026,Lu,71,2,624.23
2027,Pu,94,1,630.47
2028,Ba,56,1,634.17
2029,Br,35,1,635.07
2030,Cs,55,1,635.46
2031,Ac,89,1,635.99
2032,Ga,31,1,639.66
2033,Ga,31,1,641.34
2034,Pm,61,1,643.19
2035,Ca,20,1,643.91
2036,Pu,94,1,644.98
2037,Ca,20,1,644.98
2038,Ba,56,1,645.09
2039,Ca,20,1,646.26
2040,Lu,71,2,646.31
2041,Ca,20,1,647.17
2042,Ba,56,1,648.29
2043,Pu,94,1,648.67
2044,Ca,20,1,649.38
2045,Ba,56,2,649.69
2046,Ba,56,1,649.88
2047,Ca,20,1,649.96
2048,Pm,61,1,652.04
2049,Pu,94,1,653.53
2050,Pu,94,1,654.42
2051,H,1,1,656.28
2052,K,19,2,659.5
2053,Xe,54,2,659.5
2054,Ba,56,1,659.53
2055,Pm,61,1,659.82
2056,Pu,94,1,660.9
2057,Pm,61,2,665.9
2058,Li,3,1,670.78
2059,Li,3,1,670.79
2060,Cs,55,1,672.33
2061,Pm,61,2,677.23
2062,Xe,54,2,680.57
2063,F,9,1,685.6
2064,Ne,10,1,692.95
2065,Cs,55,2,695.55
2066,Ar,18,1,696.54
2067,Cs,55,1,698.35
2068,Xe,54,2,699.09
2069,Ne,10,1,702.4
2070,Ne,10,1,703.24
2071,F,9,1,703.75
2072,Rn,86,1,705.54
2073,Ar,18,1,706.72
2074,F,9,1,712.79
2075,Ra,88,1,714.12
2076,Ca,20,1,714.82
2077,Ne,10,1,717.39
2078,Fr,87,1,717.99
2079,Ca,20,1,720.22
2080,C,6,2,723.13
2081,C,6,2,723.64
2082,Ne,10,1,724.52
2083,Pu,94,1,725.81
2084,Rn,86,1,726.81
2085,Ac,89,1,729.04
2086,Eu,63,2,730.12
2087,Br,35,1,734.85
2088,Ar,18,1,738.4
2089,N,7,1,744.23
2090,Rn,86,1,745.0
2091,N,7,1,746.83
2092,Ne,10,1,748.89
2093,Ar,18,1,750.39
2094,Ar,18,1,751.47
2095,Ne,10,1,753.58
2096,Pu,94,1,757.29
2097,Kr,36,1,760.15
2098,Ar,18,1,763.51
2099,K,19,1,766.49
2100,Kr,36,1,769.45
2101,K,19,1,769.9
2102,Ar,18,1,772.38
2103,Ar,18,1,772.42
2104,O,8,1,777.19
2105,O,8,1,777.42
2106,O,8,1,777.54
2107,Rb,37,1,780.03
2108,Rn,86,1,780.98
2109,Cl,17,1,787.82
2110,Ar,18,1,794.82
2111,Po,84,1,796.26
2112,Ar,18,1,800.62
2113,Ar,18,1,801.48
2114,Ra,88,2,801.97
2115,Kr,36,1,805.95
2116,Rn,86,1,809.95
2117,Ar,18,1,810.37
2118,Kr,36,1,810.4
2119,Kr,36,1,811.29
2120,Ar,18,1,811.53
2121,Fr,87,1,816.94
2122,Na,11,1,818.33
2123,Kr,36,1,819.01
2124,Na,11,1,819.48
2125,Xe,54,1,823.16
2126,Be,4,1,825.41
2127,Kr,36,1,826.32
2128,Ar,18,1,826.45
2129,Rn,86,1,827.1
2130,Xe,54,1,828.01
2131,Kr,36,1,828.11
2132,Kr,36,1,829.81
2133,Ne,10,1,830.03
2134,Pu,94,1,830.96
2135,Ga,31,1,831.19
2136,Cl,17,1,837.59
2137,Ne,10,1,837.76
2138,Ga,31,1,838.65
2139,Ga,31,1,838.93
2140,Ar,18,1,840.82
2141,Br,35,1,842.27
2142,Ar,18,1,842.46
2143,Cl,17,1,842.82
2144,O,8,1,844.62
2145,O,8,1,844.64
2146,O,8,1,844.68
2147,Br,35,1,845.27
2148,Ne,10,1,849.54
2149,Kr,36,1,850.89
2150,Cs,55,1,852.11
2151,Ar,18,1,852.14
2152,Cl,17,1,858.6
2153,Ne,10,1,859.13
2154,Rn,86,1,860.01
2155,Ne,10,1,863.46
2156,Ne,10,1,865.44
2157,Cs,55,1,876.14
2158,Kr,36,1,877.68
2159,Ne,10,1,878.06
2160,Ne,10,1,878.38
2161,Xe,54,1,881.94
2162,Ne,10,1,885.39
2163,Kr,36,1,892.87
2164,Cs,55,1,894.35
2165,Ar,18,1,912.3
2166,Cs,55,1,917.23
2167,Ar,18,1,922.45
2168,C,6,1,940.57
2169,Ga,31,1,958.94
2170,Ga,31,1,959.42
2171,Ar,18,1,965.78
2172,Kr,36,1,975.18
2173,Xe,54,1,992.32
2174,Cs,55,1,1002.44
2175,Cs,55,1,1012.36
2176,Kr,36,2,1022.15
2177,Ne,10,1,1114.3
2178,Ne,10,1,1117.75
2179,Ne,10,1,1152.27
2180,Kr,36,1,1181.94
2181,He,2,1,388.87
2182,He,2,1,587.58
2183,Li,3,1,323.26
2184,Be,4,2,234.86
2185,Be,4,2,467.34
2186,B,5,2,345.1
2187,C,6,1,396.84
2188,C,6,1,247.88
2189,N,7,2,444.7
2190,N,7,2,500.51
2191,N,7,1,746.84
2192,N,7,1,821.07
2193,O,8,1,822.18
2194,F,9,1,687.02
2195,F,9,1,690.25
2196,F,9,1,690.98
2197,F,9,1,696.64
2198,Mg,12,2,279.09
2199,Mg,12,2,279.81
2200,Mg,12,2,292.88
2201,Mg,12,2,293.67
2202,Mg,12,1,382.93
2203,Mg,12,1,383.2
2204,Mg,12,1,383.79
2205,Mg,12,1,389.19
2206,Mg,12,2,448.09
2207,Mg,12,1,518.37
2208,Al,13,2,281.64
2209,Al,13,1,308.21
2210,Al,13,1,308.23
2211,Al,13,1,308.24
2212,Al,13,1,309.29
2213,Al,13,1,309.31
2214,Al,13,1,394.41
2215,Si,14,1,243.51
2216,Si,14,1,288.17
2217,P,15,1,214.92
2218,P,15,1,253.57
2219,P,15,1,255.49
2220,S,16,2,545.4
2221,S,16,1,869.46
2222,S,16,1,921.29
2223,K,19,1,404.41
2224,K,19,1,769.89
2225,Ca,20,2,315.92
2226,Ca,20,2,317.96
2227,Ca,20,2,373.73
2228,Ca,20,2,393.0
2229,Ca,20,2,396.88
2230,Ti,22,2,321.7
2231,Ti,22,2,323.5
2232,V,23,1,411.18
2233,Cr,24,1,267.7
2234,Cr,24,1,428.98
2235,Mn,25,2,294.9
2236,Mn,25,1,403.06
2237,Fe,26,1,284.98
2238,Fe,26,1,302.06
2239,Fe,26,1,344.39
2240,Fe,26,1,347.56
2241,Co,27,1,345.37
2242,Co,27,1,351.03
2243,Ni,28,2,231.61
2244,Ni,28,1,352.44
2245,Cu,29,1,324.74
2246,Cu,29,1,324.76
2247,Cu,29,1,406.27
2248,Cu,29,1,510.53
2249,Cu,29,1,515.29
2250,Cu,29,1,521.83
2251,Cu,29,1,578.18
2252,Zn,30,1,330.25
2253,Zn,30,1,481.06
2254,Ga,31,1,287.44
2255,Ga,31,1,294.37
2256,Ga,31,1,294.38
2257,Ga,31,1,403.32
2258,Ge,32,1,265.14
2259,Ge,32,1,270.98
2260,Ge,32,1,303.92
2261,Ge,32,1,422.68
2262,Ge,32,1,468.6
2263,Br,35,1,827.2
2264,Sr,38,2,407.78
2265,Y,39,1,398.8
2266,Y,39,1,467.49
2267,Zr,40,1,362.39
2268,Zr,40,1,397.76
2269,Zr,40,1,410.76
2270,Zr,40,1,419.91
2271,Zr,40,1,436.65
2272,Zr,40,1,450.72
2273,Zr,40,1,468.79
2274,Zr,40,1,471.01
2275,Zr,40,1,473.25
2276,Zr,40,1,477.25
2277,Zr,40,1,480.59
2278,Zr,40,1,482.82
2279,Zr,40,1,507.03
2280,Mo,42,1,384.4
2281,Mo,42,1,550.6
2282,Ru,44,1,290.89
2283,Ag,47,1,328.08
2284,Ag,47,1,338.31
2285,Ag,47,1,520.93
2286,Ag,47,1,546.57
2287,Cd,48,1,326.1
2288,Cd,48,1,508.56
2289,Sn,50,1,284.02
2290,Sn,50,1,286.35
2291,Sn,50,1,303.43
2292,Sn,50,1,317.52
2293,Sn,50,1,326.25
2294,Sn,50,1,380.12
2295,Sb,51,1,323.25
2296,Te,52,1,238.34
2297,Te,52,1,238.59
2298,Te,52,1,253.08
2299,I,53,1,393.36
2300,I,53,1,746.9
2301,Ba,56,1,389.19
2302,Ba,56,2,413.07
2303,Ba,56,2,455.39
2304,Ba,56,2,490.0
2305,La,57,1,394.91
2306,Ce,58,2,394.28
2307,Ce,58,1,560.13
2308,Ce,58,1,569.7
2309,Pr,59,2,391.89
2310,Pr,59,2,410.07
2311,Pr,59,1,495.14
2312,Sm,62,2,392.24
2313,Sm,62,1,476.03
2314,Sm,62,1,491.04
2315,Sm,62,1,551.61
2316,Eu,63,1,462.72
2317,Gd,64,2,409.86
2318,Gd,64,1,419.08
2319,Tm,69,1,388.31
2320,Yb,70,1,398.8
2321,Hf,72,1,368.24
2322,Hf,72,1,417.46
2323,Ta,73,1,468.21
2324,W,74,2,259.87
2325,Re,75,1,451.33
2326,Re,75,1,488.91
2327,Re,75,1,527.56
2328,Pt,78,1,274.76
2329,Pt,78,1,396.63
2330,Au,79,1,267.59
2331,Au,79,1,312.29
2332,Tl,81,1,535.05
2333,Pb,82,1,368.37
2334,Pb,82,1,405.81
2335,Th,90,2,438.19
2336,Th,90,2,439.11
